,mean,std
age,54.358024691358025,9.09632835106903
sex,0.6666666666666666,0.4723774929733302
cp,0.9670781893004116,1.0320016367034943
trestbps,131.40740740740742,17.777628557684128
chol,246.15637860082305,49.89112350922852
fbs,0.16049382716049382,0.3678210395158207
restecg,0.51440329218107,0.5328063410038494
thalach,150.46502057613168,22.95598129396773
exang,0.3333333333333333,0.47237749297333026
oldpeak,1.017283950617284,1.138121199749774
slope,1.4197530864197532,0.6002244249190133
ca,0.7530864197530864,1.014736836757524
thal,2.292181069958848,0.6306730762143414
