age,sex,cp,trestbps,chol,fbs,restecg,thalach,exang,oldpeak,slope,ca,thal,has_disease
-0.36916265132001086,0.7056503290095426,1.000891640054984,-0.36041969189630235,-0.023178042895930125,2.282376706739195,-0.9654601542689851,0.6767290504784709,-0.7056503290095424,1.2149110742219005,-0.6993269000614051,-0.7421494839583122,-0.4632845145581366,0
0.840116474878995,-1.411300658019085,-0.9370897825215988,-0.4166701640419679,-0.7447492857912914,-0.43633672334719903,0.911394385629922,0.5460441556973304,-0.7056503290095424,-0.893827433177541,0.9667165971437067,-0.7421494839583122,-0.4632845145581366,0
0.7301820088609036,0.7056503290095426,-0.9370897825215988,0.4833373902886814,-0.7848365770632558,-0.43633672334719903,-0.9654601542689851,-0.5429966341455061,1.411300658019085,0.7755905518470168,0.9667165971437067,0.24332769965846296,1.122323049352105,1
-0.2592281853019194,0.7056503290095426,-0.9370897825215988,-0.1916682754593056,-0.8449675139712026,2.282376706739195,0.911394385629922,0.24111273454133622,1.411300658019085,-0.015186388427773746,-0.6993269000614051,-0.7421494839583122,-3.6344996423786196,1
0.40037861080662923,0.7056503290095426,-0.9370897825215988,-0.36041969189630235,1.0792224670830939,-0.43633672334719903,-0.9654601542689851,0.8945372084470382,-0.7056503290095424,-0.893827433177541,0.9667165971437067,1.228804883275238,1.122323049352105,1
0.18050967877044635,0.7056503290095426,-0.9370897825215988,-0.36041969189630235,0.0569965396479989,2.282376706739195,-0.9654601542689851,-0.28162684458322534,1.411300658019085,0.16054182052217966,-0.6993269000614051,0.24332769965846296,-0.4632845145581366,1
1.7195922030237265,0.7056503290095426,1.000891640054984,1.608346833201993,0.45786945236764404,-0.43633672334719903,0.911394385629922,-1.6755990555820561,1.411300658019085,1.654231596596784,-0.6993269000614051,0.24332769965846296,1.122323049352105,1
0.5103130768247207,0.7056503290095426,-0.9370897825215988,0.4833373902886814,-1.3861459461427235,-0.43633672334719903,0.911394385629922,0.502482524103617,1.411300658019085,-0.893827433177541,0.9667165971437067,0.24332769965846296,1.122323049352105,1
-1.2486383794647424,0.7056503290095426,-0.9370897825215988,-0.9229244133529582,1.1393534039910407,-0.43633672334719903,0.911394385629922,1.330153524384173,-0.7056503290095424,0.16054182052217966,-0.6993269000614051,-0.7421494839583122,-0.4632845145581366,0
-0.03935925326573652,0.7056503290095426,1.000891640054984,1.0458421117453371,-0.28374543616369946,-0.43633672334719903,-0.9654601542689851,0.6331674188847574,-0.7056503290095424,0.5119982384220867,0.9667165971437067,-0.7421494839583122,1.122323049352105,0
0.07057521275235493,0.7056503290095426,0.03190092876669269,-0.07916733116797443,0.31756393291576823,-0.43633672334719903,0.911394385629922,0.19755110294762276,-0.7056503290095424,-0.893827433177541,0.9667165971437067,-0.7421494839583122,-0.4632845145581366,0
-1.0287694474285596,0.7056503290095426,-0.9370897825215988,0.5958383345800126,1.2596152778069343,-0.43633672334719903,-0.9654601542689851,-0.15094194980208495,1.411300658019085,-0.893827433177541,-0.6993269000614051,2.214282066892013,1.122323049352105,1
0.6202475428428121,0.7056503290095426,-0.9370897825215988,-0.07916733116797443,0.13717112219192792,-0.43633672334719903,0.911394385629922,-0.28162684458322534,1.411300658019085,0.3362700294721331,0.9667165971437067,0.24332769965846296,1.122323049352105,1
1.7195922030237265,0.7056503290095426,-0.9370897825215988,-0.07916733116797443,1.5201826710747035,-0.43633672334719903,-0.9654601542689851,-1.8062839503631964,-0.7056503290095424,1.2149110742219005,-0.6993269000614051,2.214282066892013,-0.4632845145581366,1
-2.2380485736275655,-1.411300658019085,0.03190092876669269,-0.7541729969159614,-0.7247056401553091,-0.43633672334719903,0.911394385629922,1.8093314719150209,-0.7056503290095424,-0.278778701852704,0.9667165971437067,-0.7421494839583122,-0.4632845145581366,0
0.2904441447885378,-1.411300658019085,-0.9370897825215988,0.4833373902886814,-0.10335262543985915,-0.43633672334719903,0.911394385629922,-1.1964211080512082,1.411300658019085,-0.7180992242275877,-0.6993269000614051,-0.7421494839583122,1.122323049352105,1
0.2904441447885378,-1.411300658019085,0.03190092876669269,-0.07916733116797443,-0.20357085361977043,-0.43633672334719903,-0.9654601542689851,1.0252221032281785,-0.7056503290095424,-0.893827433177541,-0.6993269000614051,0.24332769965846296,-0.4632845145581366,1
-1.3585728454828339,0.7056503290095426,-0.9370897825215988,0.4833373902886814,-0.404007309979593,-0.43633672334719903,0.911394385629922,1.1994686296030324,-0.7056503290095424,-0.893827433177541,0.9667165971437067,-0.7421494839583122,-0.4632845145581366,0
-1.3585728454828339,0.7056503290095426,1.9698823513432757,0.933341167454006,-0.04322168853191238,-0.43633672334719903,-0.9654601542689851,1.1994686296030324,-0.7056503290095424,-0.19091459737772717,0.9667165971437067,1.228804883275238,-0.4632845145581366,0
-0.36916265132001086,0.7056503290095426,1.000891640054984,-2.1041843284119355,-0.38396366434361073,-0.43633672334719903,0.911394385629922,0.1539894713539093,1.411300658019085,-0.893827433177541,0.9667165971437067,0.24332769965846296,1.122323049352105,0
-1.138703913446651,0.7056503290095426,0.03190092876669269,-0.6416720526246302,-0.5242691837954865,-0.43633672334719903,0.911394385629922,0.8509755768533247,-0.7056503290095424,-0.893827433177541,0.9667165971437067,-0.7421494839583122,-0.4632845145581366,0
-0.6989660493742852,-1.411300658019085,1.000891640054984,-0.07916733116797443,0.5781313261835376,-0.43633672334719903,0.911394385629922,-0.49943500255179263,-0.7056503290095424,-0.7180992242275877,0.9667165971437067,-0.7421494839583122,-0.4632845145581366,0
-0.03935925326573652,-1.411300658019085,1.000891640054984,-1.204176774081286,-0.6445310576113801,-0.43633672334719903,0.911394385629922,0.32823599772876316,-0.7056503290095424,0.5119982384220867,-0.6993269000614051,-0.7421494839583122,-0.4632845145581366,0
-1.138703913446651,0.7056503290095426,0.03190092876669269,-0.07916733116797443,-0.5443128294314687,-0.43633672334719903,-0.9654601542689851,1.635084945540167,-0.7056503290095424,-0.893827433177541,0.9667165971437067,-0.7421494839583122,-0.4632845145581366,0
0.40037861080662923,0.7056503290095426,1.000891640054984,0.033333613123356726,-0.44409460125155753,-0.43633672334719903,-0.9654601542689851,0.9816604716344651,-0.7056503290095424,1.9178239100217145,0.9667165971437067,1.228804883275238,1.122323049352105,1
-0.2592281853019194,0.7056503290095426,-0.9370897825215988,-0.36041969189630235,-0.6846183488833446,-0.43633672334719903,0.911394385629922,0.7638523136658978,-0.7056503290095424,-0.015186388427773746,0.9667165971437067,1.228804883275238,1.122323049352105,1
0.18050967877044635,0.7056503290095426,1.9698823513432757,-0.6416720526246302,-1.0654476159670074,-0.43633672334719903,-0.9654601542689851,0.502482524103617,-0.7056503290095424,0.7755905518470168,-0.6993269000614051,-0.7421494839583122,1.122323049352105,0
-0.14929371928382795,-1.411300658019085,-0.9370897825215988,0.3708364459973502,-0.24365814489173496,-0.43633672334719903,-0.9654601542689851,0.4153592609161901,-0.7056503290095424,-0.893827433177541,0.9667165971437067,-0.7421494839583122,-0.4632845145581366,0
0.2904441447885378,-1.411300658019085,-0.9370897825215988,-0.1916682754593056,1.1393534039910407,-0.43633672334719903,-0.9654601542689851,0.3717976293224766,-0.7056503290095424,-0.893827433177541,0.9667165971437067,0.24332769965846296,-0.4632845145581366,0
0.9500509408970864,-1.411300658019085,-0.9370897825215988,1.0458421117453371,3.223892550133195,-0.43633672334719903,-0.9654601542689851,0.1539894713539093,-0.7056503290095424,2.620736745821528,-0.6993269000614051,2.214282066892013,1.122323049352105,1
0.40037861080662923,0.7056503290095426,0.03190092876669269,-0.36041969189630235,-0.5242691837954865,-0.43633672334719903,0.911394385629922,-0.28162684458322534,-0.7056503290095424,-0.5423710152776341,-0.6993269000614051,3.199759250508788,1.122323049352105,0
0.5103130768247207,0.7056503290095426,-0.9370897825215988,1.8333487217846554,-1.4061895917787057,2.282376706739195,-0.9654601542689851,-2.6339549506437523,-0.7056503290095424,-0.015186388427773746,-0.6993269000614051,1.228804883275238,-2.048892078468378,1
-1.3585728454828339,-1.411300658019085,1.000891640054984,-0.6416720526246302,-0.7447492857912914,-0.43633672334719903,0.911394385629922,0.9816604716344651,-0.7056503290095424,-0.893827433177541,-0.6993269000614051,-0.7421494839583122,-0.4632845145581366,0
-0.03935925326573652,0.7056503290095426,1.000891640054984,-0.36041969189630235,0.538044034911573,-0.43633672334719903,-0.9654601542689851,0.06686620816648237,-0.7056503290095424,-0.45450691080265737,-2.365370397266517,0.24332769965846296,-0.4632845145581366,0
-0.2592281853019194,0.7056503290095426,-0.9370897825215988,-1.3166777183726173,-0.2637017905277172,2.282376706739195,0.911394385629922,-0.15094194980208495,-0.7056503290095424,-0.8059633287025644,0.9667165971437067,2.214282066892013,1.122323049352105,0
0.5103130768247207,0.7056503290095426,-0.9370897825215988,0.20208502956035346,-0.24365814489173496,-0.43633672334719903,0.911394385629922,0.45892089250990353,-0.7056503290095424,-0.45450691080265737,-0.6993269000614051,-0.7421494839583122,1.122323049352105,0
1.2798543389513608,-1.411300658019085,1.9698823513432757,1.0458421117453371,-0.404007309979593,-0.43633672334719903,0.911394385629922,-1.5884757923946293,-0.7056503290095424,1.390639283171854,-2.365370397266517,-0.7421494839583122,-0.4632845145581366,0
0.7301820088609036,0.7056503290095426,-0.9370897825215988,0.3708364459973502,-1.6066260481385284,-0.43633672334719903,-0.9654601542689851,-1.1092978448637811,1.411300658019085,2.269280327921621,-0.6993269000614051,0.24332769965846296,-0.4632845145581366,1
0.40037861080662923,-1.411300658019085,-0.9370897825215988,2.1708515546586487,-0.42405095561557526,2.282376706739195,-0.9654601542689851,-0.1945035813957984,1.411300658019085,1.5663674921218071,-0.6993269000614051,1.228804883275238,-2.048892078468378,1
0.2904441447885378,0.7056503290095426,-0.9370897825215988,1.0458421117453371,0.5981749718195198,-0.43633672334719903,-0.9654601542689851,-1.6755990555820561,1.411300658019085,-0.3666428063276807,-0.6993269000614051,0.24332769965846296,-2.048892078468378,1
-1.4685073115009253,0.7056503290095426,1.000891640054984,-1.091675829789955,0.07704018528398116,-0.43633672334719903,0.911394385629922,1.2430302611967459,-0.7056503290095424,-0.893827433177541,0.9667165971437067,-0.7421494839583122,-0.4632845145581366,0
-1.3585728454828339,0.7056503290095426,1.000891640054984,-0.07916733116797443,-1.3260150092347769,-0.43633672334719903,0.911394385629922,-0.020257055020944558,-0.7056503290095424,-0.893827433177541,0.9667165971437067,-0.7421494839583122,-0.4632845145581366,0
2.1593300670960924,-1.411300658019085,0.03190092876669269,-0.6416720526246302,0.45786945236764404,-0.43633672334719903,-0.9654601542689851,-1.283544371238635,1.411300658019085,-0.7180992242275877,0.9667165971437067,0.24332769965846296,-0.4632845145581366,0
-0.8089005153923766,0.7056503290095426,-0.9370897825215988,-1.091675829789955,-0.8449675139712026,-0.43633672334719903,0.911394385629922,-0.3251884761769388,-0.7056503290095424,-0.8059633287025644,0.9667165971437067,-0.7421494839583122,-0.4632845145581366,0
0.2904441447885378,0.7056503290095426,-0.9370897825215988,-1.204176774081286,1.780750064342473,-0.43633672334719903,0.911394385629922,-0.3251884761769388,1.411300658019085,1.7420957010717608,-0.6993269000614051,0.24332769965846296,1.122323049352105,1
-0.4790971173381023,0.7056503290095426,1.000891640054984,-0.13541780331364,-1.0053166790590606,-0.43633672334719903,0.911394385629922,0.5460441556973304,-0.7056503290095424,-0.893827433177541,0.9667165971437067,-0.7421494839583122,-0.4632845145581366,0
-2.128114107609474,0.7056503290095426,-0.9370897825215988,-0.6416720526246302,-0.9652293877870962,-0.43633672334719903,0.911394385629922,-0.8914896868952138,1.411300658019085,0.5119982384220867,-0.6993269000614051,-0.7421494839583122,1.122323049352105,1
-1.4685073115009253,-1.411300658019085,1.000891640054984,-1.091675829789955,0.43782580673166177,-0.43633672334719903,-0.9654601542689851,0.9380988400407516,1.411300658019085,-0.893827433177541,0.9667165971437067,-0.7421494839583122,-0.4632845145581366,0
-0.5890315833561938,0.7056503290095426,1.000891640054984,-0.6416720526246302,-1.1656658441469188,-0.43633672334719903,0.911394385629922,-0.49943500255179263,-0.7056503290095424,0.8634546563219936,-0.6993269000614051,2.214282066892013,1.122323049352105,1
-1.908245175573291,0.7056503290095426,1.000891640054984,-0.07916733116797443,0.07704018528398116,-0.43633672334719903,0.911394385629922,1.5915233139464535,-0.7056503290095424,2.1814162234466443,-2.365370397266517,-0.7421494839583122,-0.4632845145581366,0
0.5103130768247207,0.7056503290095426,-0.9370897825215988,-1.204176774081286,-0.14343991671182366,-0.43633672334719903,-0.9654601542689851,-0.36875010777065226,1.411300658019085,0.16054182052217966,-0.6993269000614051,0.24332769965846296,1.122323049352105,1
-1.6883762435371081,0.7056503290095426,-0.9370897825215988,-0.7541729969159614,-0.5443128294314687,-0.43633672334719903,0.911394385629922,-0.45587337095807917,-0.7056503290095424,0.16054182052217966,-0.6993269000614051,-0.7421494839583122,1.122323049352105,1
0.40037861080662923,0.7056503290095426,1.000891640054984,-1.091675829789955,-0.323832727435664,-0.43633672334719903,-0.9654601542689851,0.6331674188847574,-0.7056503290095424,1.302775178696877,-0.6993269000614051,0.24332769965846296,1.122323049352105,1
0.2904441447885378,0.7056503290095426,-0.9370897825215988,0.033333613123356726,-0.7848365770632558,-0.43633672334719903,0.911394385629922,0.7638523136658978,1.411300658019085,-0.893827433177541,0.9667165971437067,-0.7421494839583122,1.122323049352105,0
0.840116474878995,0.7056503290095426,0.03190092876669269,-0.1916682754593056,-0.7647929314272736,2.282376706739195,-0.9654601542689851,-0.45587337095807917,-0.7056503290095424,-0.893827433177541,0.9667165971437067,-0.7421494839583122,-0.4632845145581366,0
0.6202475428428121,-1.411300658019085,1.9698823513432757,1.0458421117453371,-0.1233962710758414,-0.43633672334719903,0.911394385629922,0.8945372084470382,-0.7056503290095424,-0.10305049290275045,0.9667165971437067,-0.7421494839583122,-0.4632845145581366,0
0.6202475428428121,0.7056503290095426,-0.9370897825215988,-0.07916733116797443,-0.8048802226992381,-0.43633672334719903,-0.9654601542689851,-0.8043664237077869,1.411300658019085,1.2149110742219005,-0.6993269000614051,1.228804883275238,1.122323049352105,1
1.2798543389513608,-1.411300658019085,-0.9370897825215988,2.6208553318239733,-0.36392001870762847,2.282376706739195,0.911394385629922,0.6331674188847574,1.411300658019085,-0.015186388427773746,-0.6993269000614051,1.228804883275238,1.122323049352105,1
1.3897888049694522,0.7056503290095426,1.000891640054984,1.1583430560366683,-0.6846183488833446,-0.43633672334719903,-0.9654601542689851,-0.020257055020944558,-0.7056503290095424,-0.19091459737772717,-0.6993269000614051,-0.7421494839583122,1.122323049352105,1
-0.03935925326573652,0.7056503290095426,-0.9370897825215988,-0.5291711083332991,0.7986114281793424,-0.43633672334719903,-0.9654601542689851,-1.5013525292072023,1.411300658019085,1.9178239100217145,-0.6993269000614051,1.228804883275238,-0.4632845145581366,1
-0.03935925326573652,0.7056503290095426,-0.9370897825215988,-0.4166701640419679,0.39773851545969724,-0.43633672334719903,-0.9654601542689851,-1.8062839503631964,1.411300658019085,1.0391828652719473,-0.6993269000614051,0.24332769965846296,1.122323049352105,1
-2.7877209037180224,0.7056503290095426,0.03190092876669269,-0.07916733116797443,-0.8449675139712026,-0.43633672334719903,-0.9654601542689851,2.2449477878521553,-0.7056503290095424,-0.893827433177541,0.9667165971437067,-0.7421494839583122,-0.4632845145581366,0
0.9500509408970864,-1.411300658019085,-0.9370897825215988,-0.4166701640419679,-0.9852730334230785,-0.43633672334719903,0.911394385629922,-0.630119897332933,1.411300658019085,-0.893827433177541,-0.6993269000614051,-0.7421494839583122,-0.4632845145581366,1
0.2904441447885378,0.7056503290095426,0.03190092876669269,-0.4166701640419679,0.29752028727978597,-0.43633672334719903,0.911394385629922,-0.4123117393643657,-0.7056503290095424,-0.6302351197526108,0.9667165971437067,-0.7421494839583122,1.122323049352105,1
-1.138703913446651,-1.411300658019085,1.000891640054984,-1.3166777183726173,-2.107717189038085,-0.43633672334719903,0.911394385629922,1.068783734821892,-0.7056503290095424,-0.3666428063276807,-0.6993269000614051,-0.7421494839583122,-0.4632845145581366,0
-1.3585728454828339,0.7056503290095426,1.000891640054984,-0.6416720526246302,-0.1233962710758414,2.282376706739195,0.911394385629922,1.8964547351024479,-0.7056503290095424,-0.19091459737772717,-2.365370397266517,-0.7421494839583122,1.122323049352105,0
0.2904441447885378,0.7056503290095426,-0.9370897825215988,0.4833373902886814,-1.0854912616029897,-0.43633672334719903,0.911394385629922,-0.10738031820837149,-0.7056503290095424,-0.5423710152776341,-0.6993269000614051,-0.7421494839583122,-2.048892078468378,0
0.840116474878995,-1.411300658019085,-0.9370897825215988,1.608346833201993,-1.646713339410493,-0.43633672334719903,-0.9654601542689851,-0.23806521298951186,-0.7056503290095424,4.553747044271016,-2.365370397266517,2.214282066892013,1.122323049352105,1
0.840116474878995,-1.411300658019085,-0.9370897825215988,1.0458421117453371,-0.04322168853191238,-0.43633672334719903,0.911394385629922,0.1539894713539093,1.411300658019085,0.3362700294721331,-0.6993269000614051,-0.7421494839583122,-0.4632845145581366,1
-0.36916265132001086,-1.411300658019085,1.000891640054984,-0.07916733116797443,0.1973020590998747,-0.43633672334719903,-0.9654601542689851,-0.06381868661465802,-0.7056503290095424,-0.45450691080265737,0.9667165971437067,-0.7421494839583122,-0.4632845145581366,0
-1.138703913446651,0.7056503290095426,1.000891640054984,-0.07916733116797443,-0.2637017905277172,-0.43633672334719903,0.911394385629922,1.2430302611967459,1.411300658019085,-0.5423710152776341,0.9667165971437067,-0.7421494839583122,-0.4632845145581366,0
1.4997232709875437,0.7056503290095426,1.000891640054984,2.7333562761153045,0.5580876805475553,2.282376706739195,-0.9654601542689851,-0.020257055020944558,1.411300658019085,0.5119982384220867,-0.6993269000614051,-0.7421494839583122,1.122323049352105,1
-1.138703913446651,0.7056503290095426,0.03190092876669269,-0.6416720526246302,0.3376075785517505,-0.43633672334719903,0.911394385629922,0.9816604716344651,-0.7056503290095424,-0.893827433177541,0.9667165971437067,-0.7421494839583122,1.122323049352105,0
0.2904441447885378,0.7056503290095426,-0.9370897825215988,-1.204176774081286,-0.9050984508791494,-0.43633672334719903,0.911394385629922,-1.0657362132700676,1.411300658019085,0.4241341339471099,-0.6993269000614051,-0.7421494839583122,-2.048892078468378,0
-0.14929371928382795,0.7056503290095426,1.000891640054984,-0.07916733116797443,-0.0031343972599478685,2.282376706739195,-0.9654601542689851,0.9816604716344651,-0.7056503290095424,-0.893827433177541,0.9667165971437067,2.214282066892013,-0.4632845145581366,0
-1.6883762435371081,-1.411300658019085,1.000891640054984,0.3708364459973502,-0.5242691837954865,-0.43633672334719903,0.911394385629922,0.06686620816648237,-0.7056503290095424,-0.893827433177541,-0.6993269000614051,-0.7421494839583122,-0.4632845145581366,0
-0.4790971173381023,0.7056503290095426,-0.9370897825215988,0.7083392788713436,-0.9251420965151317,-0.43633672334719903,-0.9654601542689851,-1.0657362132700676,1.411300658019085,-0.10305049290275045,-0.6993269000614051,-0.7421494839583122,1.122323049352105,1
-1.0287694474285596,0.7056503290095426,-0.9370897825215988,-1.5416796069552794,-0.7647929314272736,-0.43633672334719903,-0.9654601542689851,-0.10738031820837149,1.411300658019085,1.7420957010717608,-0.6993269000614051,-0.7421494839583122,-0.4632845145581366,0
-0.8089005153923766,0.7056503290095426,1.000891640054984,0.3708364459973502,0.21734570473585696,-0.43633672334719903,-0.9654601542689851,0.24111273454133622,-0.7056503290095424,-0.893827433177541,0.9667165971437067,-0.7421494839583122,-0.4632845145581366,0
0.5103130768247207,0.7056503290095426,-0.9370897825215988,0.3708364459973502,0.49795674363960857,-0.43633672334719903,-0.9654601542689851,1.3737151559778862,-0.7056503290095424,-0.893827433177541,0.9667165971437067,-0.7421494839583122,-0.4632845145581366,0
1.7195922030237265,0.7056503290095426,-0.9370897825215988,0.7645897510170092,-1.4462768830506703,-0.43633672334719903,0.911394385629922,-1.1092978448637811,1.411300658019085,1.390639283171854,-2.365370397266517,-0.7421494839583122,1.122323049352105,1
0.9500509408970864,0.7056503290095426,-0.9370897825215988,-0.07916733116797443,1.6805318361625616,2.282376706739195,-0.9654601542689851,-0.8043664237077869,1.411300658019085,0.6877264473720401,0.9667165971437067,2.214282066892013,1.122323049352105,1
-1.4685073115009253,0.7056503290095426,0.03190092876669269,-0.6416720526246302,-1.7870188588623688,-0.43633672334719903,0.911394385629922,1.3737151559778862,-0.7056503290095424,-0.893827433177541,0.9667165971437067,-0.7421494839583122,-0.4632845145581366,0
0.6202475428428121,0.7056503290095426,-0.9370897825215988,0.7645897510170092,0.7184368456354133,-0.43633672334719903,-0.9654601542689851,-0.36875010777065226,1.411300658019085,1.5663674921218071,-0.6993269000614051,1.228804883275238,1.122323049352105,1
0.40037861080662923,0.7056503290095426,-0.9370897825215988,-0.1916682754593056,0.2574329960078215,-0.43633672334719903,-0.9654601542689851,-0.8914896868952138,1.411300658019085,1.7420957010717608,-0.6993269000614051,1.228804883275238,1.122323049352105,1
0.07057521275235493,-1.411300658019085,-0.9370897825215988,2.7333562761153045,1.6204008992546148,-0.43633672334719903,2.7882489255288294,-1.4577908976134888,1.411300658019085,2.0935521189716675,-0.6993269000614051,-0.7421494839583122,-0.4632845145581366,1
2.3791989991322753,-1.411300658019085,1.000891640054984,0.4833373902886814,-0.9852730334230785,-0.43633672334719903,2.7882489255288294,-1.5013525292072023,-0.7056503290095424,0.07267771604720306,-0.6993269000614051,-0.7421494839583122,-0.4632845145581366,0
-1.4685073115009253,0.7056503290095426,0.03190092876669269,-1.204176774081286,-0.2236144992557527,-0.43633672334719903,0.911394385629922,0.11042783976019584,-0.7056503290095424,-0.893827433177541,0.9667165971437067,-0.7421494839583122,-0.4632845145581366,0
0.840116474878995,-1.411300658019085,-0.9370897825215988,0.4833373902886814,2.963325156865426,-0.43633672334719903,-0.9654601542689851,0.2846743661350497,-0.7056503290095424,0.16054182052217966,-0.6993269000614051,-0.7421494839583122,-0.4632845145581366,0
0.2904441447885378,-1.411300658019085,-0.9370897825215988,-0.6416720526246302,2.161579331426136,-0.43633672334719903,0.911394385629922,0.5460441556973304,1.411300658019085,-0.3666428063276807,0.9667165971437067,-0.7421494839583122,-0.4632845145581366,0
-1.138703913446651,-1.411300658019085,1.000891640054984,-0.7541729969159614,-0.08330897980387689,-0.43633672334719903,0.911394385629922,-0.06381868661465802,-0.7056503290095424,-0.6302351197526108,-0.6993269000614051,0.24332769965846296,-0.4632845145581366,0
-1.4685073115009253,0.7056503290095426,0.03190092876669269,0.20208502956035346,-0.8650111596071849,-0.43633672334719903,0.911394385629922,-0.8043664237077869,-0.7056503290095424,-0.893827433177541,-0.6993269000614051,-0.7421494839583122,-2.048892078468378,0
-1.7983107095551996,0.7056503290095426,1.000891640054984,0.3708364459973502,-1.426233237414688,-0.43633672334719903,0.911394385629922,0.9816604716344651,-0.7056503290095424,-0.893827433177541,0.9667165971437067,3.199759250508788,-0.4632845145581366,0
-1.138703913446651,0.7056503290095426,-0.9370897825215988,-1.204176774081286,-0.9852730334230785,-0.43633672334719903,-0.9654601542689851,1.1559069980093188,-0.7056503290095424,-0.893827433177541,0.9667165971437067,0.24332769965846296,-0.4632845145581366,1
1.1699198729332694,-1.411300658019085,1.000891640054984,1.608346833201993,2.281841205242029,-0.43633672334719903,-0.9654601542689851,0.023304576572768906,-0.7056503290095424,-0.19091459737772717,0.9667165971437067,-0.7421494839583122,-0.4632845145581366,0
0.18050967877044635,0.7056503290095426,0.03190092876669269,-0.6416720526246302,-0.20357085361977043,-0.43633672334719903,0.911394385629922,1.1994686296030324,-0.7056503290095424,-0.19091459737772717,0.9667165971437067,-0.7421494839583122,-0.4632845145581366,0
-0.6989660493742852,0.7056503290095426,-0.9370897825215988,-0.4166701640419679,0.5580876805475553,-0.43633672334719903,-0.9654601542689851,0.6767290504784709,-0.7056503290095424,-0.45450691080265737,-0.6993269000614051,-0.7421494839583122,1.122323049352105,1
-0.6989660493742852,0.7056503290095426,0.03190092876669269,-1.204176774081286,-0.3438763730716462,-0.43633672334719903,0.911394385629922,0.7638523136658978,-0.7056503290095424,-0.015186388427773746,-2.365370397266517,-0.7421494839583122,1.122323049352105,1
0.5103130768247207,0.7056503290095426,0.03190092876669269,0.4833373902886814,-0.5042255381595043,-0.43633672334719903,0.911394385629922,0.589605787291044,1.411300658019085,-0.893827433177541,0.9667165971437067,-0.7421494839583122,-0.4632845145581366,0
-1.6883762435371081,0.7056503290095426,1.000891640054984,0.4833373902886814,1.5001390254387215,-0.43633672334719903,-0.9654601542689851,1.3737151559778862,-0.7056503290095424,-0.893827433177541,0.9667165971437067,-0.7421494839583122,-0.4632845145581366,0
-0.6989660493742852,0.7056503290095426,-0.9370897825215988,-0.07916733116797443,0.1973020590998747,2.282376706739195,-0.9654601542689851,-0.020257055020944558,1.411300658019085,-0.893827433177541,0.9667165971437067,1.228804883275238,1.122323049352105,1
0.07057521275235493,-1.411300658019085,-0.9370897825215988,-0.1916682754593056,-0.8249238683352204,-0.43633672334719903,2.7882489255288294,-0.8914896868952138,1.411300658019085,0.8634546563219936,-0.6993269000614051,0.24332769965846296,1.122323049352105,1
-1.138703913446651,0.7056503290095426,1.000891640054984,0.4833373902886814,-0.2236144992557527,-0.43633672334719903,-0.9654601542689851,1.2865918927904594,-0.7056503290095424,-0.893827433177541,0.9667165971437067,-0.7421494839583122,-0.4632845145581366,0
0.40037861080662923,0.7056503290095426,-0.9370897825215988,-0.9791748854986237,1.4400080885307747,-0.43633672334719903,2.7882489255288294,-0.45587337095807917,-0.7056503290095424,2.9721931637214354,-2.365370397266517,2.214282066892013,-2.048892078468378,1
1.1699198729332694,-1.411300658019085,1.000891640054984,1.327094472473665,0.45786945236764404,-0.43633672334719903,0.911394385629922,-0.10738031820837149,-0.7056503290095424,-0.19091459737772717,0.9667165971437067,-0.7421494839583122,-0.4632845145581366,0
-2.128114107609474,0.7056503290095426,-0.9370897825215988,-0.30416921975063677,0.7184368456354133,-0.43633672334719903,-0.9654601542689851,0.24111273454133622,1.411300658019085,-0.893827433177541,0.9667165971437067,-0.7421494839583122,1.122323049352105,1
0.5103130768247207,0.7056503290095426,-0.9370897825215988,2.1708515546586487,1.6003572536186326,-0.43633672334719903,-0.9654601542689851,-0.45587337095807917,1.411300658019085,2.0935521189716675,-2.365370397266517,-0.7421494839583122,1.122323049352105,1
1.2798543389513608,0.7056503290095426,0.03190092876669269,1.608346833201993,-0.0031343972599478685,-0.43633672334719903,0.911394385629922,-1.3271060028323485,1.411300658019085,-0.893827433177541,-0.6993269000614051,2.214282066892013,-2.048892078468378,1
-0.2592281853019194,0.7056503290095426,-0.9370897825215988,-1.091675829789955,-0.323832727435664,-0.43633672334719903,0.911394385629922,0.4153592609161901,-0.7056503290095424,-0.893827433177541,0.9667165971437067,0.24332769965846296,-0.4632845145581366,1
1.829526669041818,-1.411300658019085,1.000891640054984,-1.204176774081286,0.37769486982371503,2.282376706739195,-0.9654601542689851,-0.8914896868952138,-0.7056503290095424,-0.893827433177541,0.9667165971437067,0.24332769965846296,-0.4632845145581366,0
-1.4685073115009253,-1.411300658019085,0.03190092876669269,-0.07916733116797443,-0.8449675139712026,-0.43633672334719903,-0.9654601542689851,0.9380988400407516,-0.7056503290095424,0.3362700294721331,0.9667165971437067,-0.7421494839583122,-0.4632845145581366,0
-0.36916265132001086,0.7056503290095426,1.9698823513432757,-0.36041969189630235,-0.6645747032473623,-0.43633672334719903,-0.9654601542689851,-1.1092978448637811,1.411300658019085,0.3362700294721331,0.9667165971437067,0.24332769965846296,-0.4632845145581366,0
1.829526669041818,-1.411300658019085,0.03190092876669269,1.608346833201993,1.1193097583550584,-0.43633672334719903,0.911394385629922,0.502482524103617,-0.7056503290095424,-0.5423710152776341,0.9667165971437067,1.228804883275238,-0.4632845145581366,0
1.2798543389513608,0.7056503290095426,-0.9370897825215988,1.608346833201993,-0.36392001870762847,-0.43633672334719903,-0.9654601542689851,-0.5429966341455061,-0.7056503290095424,1.1270469697469236,0.9667165971437067,-0.7421494839583122,-2.048892078468378,0
0.840116474878995,-1.411300658019085,-0.9370897825215988,0.3708364459973502,0.9589605932672004,2.282376706739195,0.911394385629922,-1.936968845144337,-0.7056503290095424,0.7755905518470168,-0.6993269000614051,2.214282066892013,-0.4632845145581366,1
-1.4685073115009253,0.7056503290095426,-0.9370897825215988,-1.204176774081286,-1.4863641743226348,-0.43633672334719903,-0.9654601542689851,0.32823599772876316,-0.7056503290095424,-0.893827433177541,0.9667165971437067,-0.7421494839583122,1.122323049352105,1
0.2904441447885378,0.7056503290095426,-0.9370897825215988,1.1583430560366683,0.5580876805475553,-0.43633672334719903,0.911394385629922,-2.7210782138311793,1.411300658019085,0.16054182052217966,-0.6993269000614051,0.24332769965846296,1.122323049352105,1
-0.8089005153923766,0.7056503290095426,1.000891640054984,-0.07916733116797443,0.13717112219192792,-0.43633672334719903,0.911394385629922,1.2430302611967459,-0.7056503290095424,-0.893827433177541,0.9667165971437067,-0.7421494839583122,-0.4632845145581366,0
-0.2592281853019194,0.7056503290095426,1.9698823513432757,1.1583430560366683,1.0391351758111294,2.282376706739195,0.911394385629922,1.1994686296030324,-0.7056503290095424,0.16054182052217966,-0.6993269000614051,-0.7421494839583122,1.122323049352105,0
0.40037861080662923,-1.411300658019085,0.03190092876669269,0.25833550170601904,1.460051734166757,2.282376706739195,-0.9654601542689851,0.06686620816648237,-0.7056503290095424,-0.893827433177541,0.9667165971437067,1.228804883275238,-0.4632845145581366,1
-1.5784417775190167,0.7056503290095426,-0.9370897825215988,1.1583430560366683,-0.46413824688753974,-0.43633672334719903,0.911394385629922,1.330153524384173,-0.7056503290095424,-0.893827433177541,0.9667165971437067,-0.7421494839583122,1.122323049352105,1
1.3897888049694522,-1.411300658019085,-0.9370897825215988,-1.4291786626639484,-0.46413824688753974,-0.43633672334719903,0.911394385629922,-0.36875010777065226,-0.7056503290095424,-0.6302351197526108,0.9667165971437067,1.228804883275238,-0.4632845145581366,0
0.2904441447885378,0.7056503290095426,1.000891640054984,1.0458421117453371,-2.408371873577819,2.282376706739195,0.911394385629922,0.9816604716344651,-0.7056503290095424,-0.7180992242275877,0.9667165971437067,0.24332769965846296,1.122323049352105,0
1.3897888049694522,0.7056503290095426,-0.9370897825215988,1.608346833201993,0.7986114281793424,-0.43633672334719903,-0.9654601542689851,-1.84984558195691,1.411300658019085,0.4241341339471099,-0.6993269000614051,2.214282066892013,-0.4632845145581366,1
1.059985406915178,-1.411300658019085,1.000891640054984,0.4833373902886814,1.3397898603508633,-0.43633672334719903,0.911394385629922,-0.7608047921140735,-0.7056503290095424,-0.7180992242275877,0.9667165971437067,-0.7421494839583122,1.122323049352105,0
0.18050967877044635,-1.411300658019085,0.03190092876669269,0.4833373902886814,0.9589605932672004,-0.43633672334719903,-0.9654601542689851,0.11042783976019584,-0.7056503290095424,0.24840592499715647,-0.6993269000614051,-0.7421494839583122,-0.4632845145581366,0
-0.03935925326573652,-1.411300658019085,1.000891640054984,1.608346833201993,-0.9050984508791494,-0.43633672334719903,0.911394385629922,0.5460441556973304,-0.7056503290095424,-0.893827433177541,0.9667165971437067,0.24332769965846296,-0.4632845145581366,0
-0.03935925326573652,0.7056503290095426,-0.9370897825215988,-1.204176774081286,-0.14343991671182366,-0.43633672334719903,0.911394385629922,-1.0657362132700676,1.411300658019085,1.5663674921218071,-0.6993269000614051,0.24332769965846296,1.122323049352105,1
0.6202475428428121,0.7056503290095426,-0.9370897825215988,-0.810423469061627,-0.323832727435664,2.282376706739195,0.911394385629922,0.4153592609161901,1.411300658019085,0.3362700294721331,0.9667165971437067,1.228804883275238,1.122323049352105,1
-0.03935925326573652,-1.411300658019085,0.03190092876669269,0.033333613123356726,0.8386987194513069,2.282376706739195,-0.9654601542689851,0.3717976293224766,1.411300658019085,-0.893827433177541,0.9667165971437067,0.24332769965846296,-0.4632845145581366,0
-1.138703913446651,0.7056503290095426,-0.9370897825215988,-1.091675829789955,0.8787860107232714,-0.43633672334719903,-0.9654601542689851,0.11042783976019584,-0.7056503290095424,-0.893827433177541,0.9667165971437067,0.24332769965846296,-0.4632845145581366,1
-0.6989660493742852,0.7056503290095426,0.03190092876669269,-0.07916733116797443,-0.023178042895930125,-0.43633672334719903,-0.9654601542689851,1.2865918927904594,-0.7056503290095424,-0.7180992242275877,-0.6993269000614051,-0.7421494839583122,-0.4632845145581366,0
0.6202475428428121,0.7056503290095426,1.000891640054984,0.4833373902886814,-1.2257967810548656,-0.43633672334719903,-0.9654601542689851,0.19755110294762276,-0.7056503290095424,1.7420957010717608,-0.6993269000614051,-0.7421494839583122,-0.4632845145581366,1
-0.2592281853019194,0.7056503290095426,0.03190092876669269,-0.6416720526246302,1.5803136079826503,-0.43633672334719903,0.911394385629922,0.9380988400407516,-0.7056503290095424,-0.7180992242275877,0.9667165971437067,-0.7421494839583122,-0.4632845145581366,0
-0.918834981410468,0.7056503290095426,0.03190092876669269,-1.7104310233922762,-0.9852730334230785,2.282376706739195,0.911394385629922,0.24111273454133622,-0.7056503290095424,-0.893827433177541,0.9667165971437067,-0.7421494839583122,1.122323049352105,0
-0.4790971173381023,-1.411300658019085,-0.9370897825215988,-1.204176774081286,0.1572147678279102,-0.43633672334719903,-0.9654601542689851,0.3717976293224766,-0.7056503290095424,-0.893827433177541,0.9667165971437067,-0.7421494839583122,-0.4632845145581366,0
-1.0287694474285596,0.7056503290095426,1.9698823513432757,-1.204176774081286,0.35765122418773276,-0.43633672334719903,0.911394385629922,-0.8043664237077869,-0.7056503290095424,0.16054182052217966,-0.6993269000614051,-0.7421494839583122,1.122323049352105,1
0.18050967877044635,0.7056503290095426,1.000891640054984,-0.07916733116797443,0.1973020590998747,2.282376706739195,-0.9654601542689851,-0.36875010777065226,1.411300658019085,-0.3666428063276807,-0.6993269000614051,0.24332769965846296,-2.048892078468378,1
1.059985406915178,0.7056503290095426,-0.9370897825215988,0.7645897510170092,-0.6846183488833446,-0.43633672334719903,-0.9654601542689851,-0.8043664237077869,-0.7056503290095424,0.8634546563219936,-0.6993269000614051,1.228804883275238,-2.048892078468378,1
1.059985406915178,-1.411300658019085,-0.9370897825215988,-0.07916733116797443,1.1393534039910407,-0.43633672334719903,0.911394385629922,-1.2399827396449215,-0.7056503290095424,0.8634546563219936,-0.6993269000614051,1.228804883275238,-0.4632845145581366,0
0.840116474878995,-1.411300658019085,1.000891640054984,-0.07916733116797443,0.3376075785517505,-0.43633672334719903,0.911394385629922,-2.329023529487758,-0.7056503290095424,0.16054182052217966,-0.6993269000614051,0.24332769965846296,1.122323049352105,1
1.609657737005635,0.7056503290095426,1.9698823513432757,1.608346833201993,-0.24365814489173496,2.282376706739195,-0.9654601542689851,-0.8479280553015004,-0.7056503290095424,-0.8059633287025644,-0.6993269000614051,0.24332769965846296,-0.4632845145581366,0
0.5103130768247207,0.7056503290095426,1.9698823513432757,2.1708515546586487,0.8386987194513069,-0.43633672334719903,-0.9654601542689851,0.3717976293224766,-0.7056503290095424,-0.7180992242275877,-0.6993269000614051,-0.7421494839583122,1.122323049352105,1
-1.3585728454828339,0.7056503290095426,-0.9370897825215988,0.25833550170601904,1.3798771516228279,-0.43633672334719903,0.911394385629922,-1.1092978448637811,1.411300658019085,0.6877264473720401,-0.6993269000614051,-0.7421494839583122,-2.048892078468378,1
-0.918834981410468,-1.411300658019085,0.03190092876669269,-1.4854291348096138,-0.8449675139712026,-0.43633672334719903,0.911394385629922,0.9380988400407516,-0.7056503290095424,-0.893827433177541,0.9667165971437067,-0.7421494839583122,-0.4632845145581366,0
-1.2486383794647424,0.7056503290095426,-0.9370897825215988,-0.6416720526246302,-1.3861459461427235,-0.43633672334719903,-0.9654601542689851,-1.3271060028323485,1.411300658019085,1.302775178696877,-0.6993269000614051,-0.7421494839583122,1.122323049352105,1
-0.2592281853019194,0.7056503290095426,1.9698823513432757,-0.7541729969159614,-1.2057531354188833,-0.43633672334719903,-0.9654601542689851,1.722208208727594,-0.7056503290095424,-0.893827433177541,-0.6993269000614051,-0.7421494839583122,-2.048892078468378,0
-0.36916265132001086,-1.411300658019085,1.000891640054984,0.4833373902886814,1.239571632170952,-0.43633672334719903,-0.9654601542689851,-0.36875010777065226,-0.7056503290095424,0.4241341339471099,0.9667165971437067,0.24332769965846296,-0.4632845145581366,0
-1.138703913446651,0.7056503290095426,-0.9370897825215988,-0.6416720526246302,-1.5464951112305816,-0.43633672334719903,0.911394385629922,-0.28162684458322534,1.411300658019085,1.5663674921218071,-2.365370397266517,-0.7421494839583122,-2.048892078468378,1
0.40037861080662923,0.7056503290095426,1.000891640054984,0.4833373902886814,-0.7046619945193269,2.282376706739195,-0.9654601542689851,0.6331674188847574,-0.7056503290095424,-0.893827433177541,0.9667165971437067,-0.7421494839583122,-0.4632845145581366,0
-1.2486383794647424,-1.411300658019085,1.000891640054984,-0.5291711083332991,-0.6645747032473623,-0.43633672334719903,0.911394385629922,0.6331674188847574,-0.7056503290095424,-0.7180992242275877,-0.6993269000614051,-0.7421494839583122,-0.4632845145581366,0
-0.36916265132001086,0.7056503290095426,1.000891640054984,-1.204176774081286,-1.426233237414688,-0.43633672334719903,0.911394385629922,-1.1964211080512082,-0.7056503290095424,-0.3666428063276807,0.9667165971437067,-0.7421494839583122,-0.4632845145581366,0
-0.36916265132001086,0.7056503290095426,-0.9370897825215988,0.4833373902886814,1.0591788214471116,-0.43633672334719903,0.911394385629922,0.9816604716344651,1.411300658019085,0.5119982384220867,0.9667165971437067,-0.7421494839583122,1.122323049352105,1
1.1699198729332694,0.7056503290095426,-0.9370897825215988,-1.204176774081286,0.036952894012016645,-0.43633672334719903,-0.9654601542689851,0.32823599772876316,-0.7056503290095424,-0.3666428063276807,0.9667165971437067,1.228804883275238,-2.048892078468378,1
-0.03935925326573652,0.7056503290095426,1.000891640054984,-0.6416720526246302,0.2373893503718392,-0.43633672334719903,-0.9654601542689851,-0.15094194980208495,-0.7056503290095424,-0.5423710152776341,-0.6993269000614051,-0.7421494839583122,1.122323049352105,0
-0.03935925326573652,-1.411300658019085,1.000891640054984,-1.3166777183726173,0.4177821610956795,-0.43633672334719903,-0.9654601542689851,0.7202906820721843,-0.7056503290095424,-0.893827433177541,0.9667165971437067,-0.7421494839583122,-0.4632845145581366,0
1.3897888049694522,0.7056503290095426,-0.9370897825215988,-1.7666814955379417,1.0591788214471116,-0.43633672334719903,-0.9654601542689851,-1.1092978448637811,1.411300658019085,-0.10305049290275045,-0.6993269000614051,1.228804883275238,-0.4632845145581366,1
0.7301820088609036,0.7056503290095426,1.000891640054984,1.0458421117453371,-0.06326533416789464,2.282376706739195,0.911394385629922,-0.5865582657392195,1.411300658019085,-0.015186388427773746,-0.6993269000614051,-0.7421494839583122,-0.4632845145581366,0
-0.36916265132001086,-1.411300658019085,1.000891640054984,-0.6416720526246302,0.9790042389031827,-0.43633672334719903,-0.9654601542689851,0.2846743661350497,-0.7056503290095424,-0.3666428063276807,0.9667165971437067,-0.7421494839583122,-0.4632845145581366,0
0.9500509408970864,0.7056503290095426,-0.9370897825215988,0.4833373902886814,-1.185709489782901,-0.43633672334719903,-0.9654601542689851,-0.28162684458322534,1.411300658019085,2.620736745821528,0.9667165971437067,1.228804883275238,1.122323049352105,1
1.1699198729332694,-1.411300658019085,1.000891640054984,0.4833373902886814,3.424329006493018,2.282376706739195,-0.9654601542689851,0.2846743661350497,-0.7056503290095424,-0.19091459737772717,0.9667165971437067,0.24332769965846296,-0.4632845145581366,0
-0.2592281853019194,0.7056503290095426,-0.9370897825215988,-0.1916682754593056,0.17725841346389243,-0.43633672334719903,0.911394385629922,0.45892089250990353,1.411300658019085,-0.893827433177541,0.9667165971437067,0.24332769965846296,1.122323049352105,1
-0.36916265132001086,-1.411300658019085,-0.9370897825215988,-0.07916733116797443,1.1794406952630052,-0.43633672334719903,0.911394385629922,-0.36875010777065226,1.411300658019085,0.16054182052217966,-0.6993269000614051,-0.7421494839583122,1.122323049352105,1
-1.0287694474285596,-1.411300658019085,0.03190092876669269,-1.091675829789955,-1.726887921954422,-0.43633672334719903,0.911394385629922,-0.5429966341455061,-0.7056503290095424,-0.893827433177541,-0.6993269000614051,-0.7421494839583122,-0.4632845145581366,0
0.07057521275235493,-1.411300658019085,0.03190092876669269,0.033333613123356726,1.9210555837943488,-0.43633672334719903,0.911394385629922,0.6767290504784709,-0.7056503290095424,0.16054182052217966,0.9667165971437067,-0.7421494839583122,-0.4632845145581366,0
-0.4790971173381023,-1.411300658019085,0.03190092876669269,-0.6416720526246302,-0.04322168853191238,-0.43633672334719903,0.911394385629922,0.502482524103617,-0.7056503290095424,0.07267771604720306,0.9667165971437067,-0.7421494839583122,-0.4632845145581366,0
-1.5784417775190167,0.7056503290095426,-0.9370897825215988,-1.204176774081286,-1.5865824025025461,-0.43633672334719903,-0.9654601542689851,-1.5884757923946293,1.411300658019085,0.8634546563219936,-0.6993269000614051,-0.7421494839583122,1.122323049352105,1
-0.918834981410468,0.7056503290095426,-0.9370897825215988,0.4833373902886814,1.2997025690788988,-0.43633672334719903,0.911394385629922,-1.3271060028323485,1.411300658019085,0.6877264473720401,-0.6993269000614051,1.228804883275238,1.122323049352105,1
0.18050967877044635,0.7056503290095426,-0.9370897825215988,0.033333613123356726,-1.2458404266908478,-0.43633672334719903,-0.9654601542689851,-1.9805304767380505,1.411300658019085,0.9513187607969703,-0.6993269000614051,0.24332769965846296,-2.048892078468378,1
1.3897888049694522,0.7056503290095426,-0.9370897825215988,-0.6416720526246302,-0.3438763730716462,-0.43633672334719903,-0.9654601542689851,-0.9350513184889273,1.411300658019085,1.390639283171854,-0.6993269000614051,1.228804883275238,1.122323049352105,1
-1.0287694474285596,0.7056503290095426,0.03190092876669269,-0.1916682754593056,1.239571632170952,-0.43633672334719903,-0.9654601542689851,0.8509755768533247,-0.7056503290095424,-0.893827433177541,0.9667165971437067,-0.7421494839583122,-0.4632845145581366,0
0.840116474878995,0.7056503290095426,-0.9370897825215988,-0.6416720526246302,0.4177821610956795,-0.43633672334719903,0.911394385629922,-2.2419002663003313,1.411300658019085,0.6877264473720401,-0.6993269000614051,1.228804883275238,1.122323049352105,1
-0.14929371928382795,-1.411300658019085,-0.9370897825215988,-0.07916733116797443,0.35765122418773276,-0.43633672334719903,-0.9654601542689851,-0.3251884761769388,-0.7056503290095424,-0.5423710152776341,-0.6993269000614051,-0.7421494839583122,-0.4632845145581366,0
-0.03935925326573652,0.7056503290095426,-0.9370897825215988,0.4833373902886814,-0.14343991671182366,-0.43633672334719903,0.911394385629922,0.4153592609161901,-0.7056503290095424,0.16054182052217966,0.9667165971437067,-0.7421494839583122,-0.4632845145581366,0
0.7301820088609036,0.7056503290095426,-0.9370897825215988,-0.6416720526246302,0.2774766416438037,-0.43633672334719903,0.911394385629922,-0.45587337095807917,1.411300658019085,2.269280327921621,-0.6993269000614051,0.24332769965846296,1.122323049352105,1
1.2798543389513608,-1.411300658019085,1.000891640054984,0.8208402231626748,0.6382622630914844,-0.43633672334719903,-0.9654601542689851,0.06686620816648237,-0.7056503290095424,-0.893827433177541,-0.6993269000614051,0.24332769965846296,-0.4632845145581366,0
1.1699198729332694,0.7056503290095426,-0.9370897825215988,0.20208502956035346,0.1572147678279102,-0.43633672334719903,-0.9654601542689851,-1.022174581676354,-0.7056503290095424,1.5663674921218071,-0.6993269000614051,0.24332769965846296,1.122323049352105,1
-1.0287694474285596,0.7056503290095426,-0.9370897825215988,-0.9229244133529582,0.2774766416438037,-0.43633672334719903,-0.9654601542689851,1.5044000507590267,-0.7056503290095424,-0.893827433177541,0.9667165971437067,-0.7421494839583122,-0.4632845145581366,0
-1.2486383794647424,0.7056503290095426,-0.9370897825215988,-1.204176774081286,-0.7046619945193269,-0.43633672334719903,0.911394385629922,0.45892089250990353,-0.7056503290095424,-0.893827433177541,0.9667165971437067,-0.7421494839583122,1.122323049352105,0
1.059985406915178,-1.411300658019085,-0.9370897825215988,2.7333562761153045,1.5803136079826503,-0.43633672334719903,0.911394385629922,0.1539894713539093,1.411300658019085,-0.893827433177541,0.9667165971437067,-0.7421494839583122,-0.4632845145581366,0
1.3897888049694522,0.7056503290095426,-0.9370897825215988,-0.36041969189630235,0.1572147678279102,2.282376706739195,0.911394385629922,0.5460441556973304,-0.7056503290095424,-0.7180992242275877,-0.6993269000614051,1.228804883275238,1.122323049352105,1
0.40037861080662923,0.7056503290095426,-0.9370897825215988,1.0458421117453371,0.4779130980036263,-0.43633672334719903,-0.9654601542689851,-1.7191606871757696,1.411300658019085,-0.19091459737772717,0.9667165971437067,-0.7421494839583122,1.122323049352105,1
-0.2592281853019194,0.7056503290095426,1.000891640054984,2.28335249894998,-0.945185742151114,2.282376706739195,0.911394385629922,0.502482524103617,-0.7056503290095424,-0.45450691080265737,0.9667165971437067,-0.7421494839583122,1.122323049352105,0
0.5103130768247207,0.7056503290095426,1.000891640054984,1.0458421117453371,-0.6846183488833446,2.282376706739195,0.911394385629922,0.2846743661350497,-0.7056503290095424,0.5119982384220867,0.9667165971437067,-0.7421494839583122,-0.4632845145581366,0
-0.03935925326573652,-1.411300658019085,1.000891640054984,0.20208502956035346,1.159397049627023,2.282376706739195,0.911394385629922,0.8509755768533247,-0.7056503290095424,-0.893827433177541,0.9667165971437067,-0.7421494839583122,-0.4632845145581366,0
-0.36916265132001086,0.7056503290095426,-0.9370897825215988,0.4833373902886814,0.29752028727978597,-0.43633672334719903,-0.9654601542689851,1.54796168235274,1.411300658019085,-0.893827433177541,0.9667165971437067,-0.7421494839583122,-0.4632845145581366,0
0.18050967877044635,-1.411300658019085,-0.9370897825215988,3.8583657190286162,0.8386987194513069,2.282376706739195,-0.9654601542689851,-0.7608047921140735,1.411300658019085,2.620736745821528,-2.365370397266517,1.228804883275238,1.122323049352105,1
0.9500509408970864,-1.411300658019085,0.03190092876669269,0.4833373902886814,-1.025360324695043,-0.43633672334719903,0.911394385629922,1.2430302611967459,-0.7056503290095424,-0.893827433177541,0.9667165971437067,1.228804883275238,-0.4632845145581366,0
-1.0287694474285596,-1.411300658019085,0.03190092876669269,-0.07916733116797443,-0.24365814489173496,-0.43633672334719903,-0.9654601542689851,1.068783734821892,-0.7056503290095424,-0.3666428063276807,-0.6993269000614051,-0.7421494839583122,-0.4632845145581366,0
1.609657737005635,0.7056503290095426,1.000891640054984,0.4833373902886814,0.1572147678279102,-0.43633672334719903,-0.9654601542689851,-0.1945035813957984,-0.7056503290095424,0.8634546563219936,-0.6993269000614051,2.214282066892013,1.122323049352105,1
1.829526669041818,-1.411300658019085,-0.9370897825215988,-1.091675829789955,-1.9473680239502267,-0.43633672334719903,0.911394385629922,-1.1092978448637811,-0.7056503290095424,0.5119982384220867,-0.6993269000614051,-0.7421494839583122,-0.4632845145581366,0
0.2904441447885378,0.7056503290095426,0.03190092876669269,1.2708440003279995,-0.28374543616369946,-0.43633672334719903,-0.9654601542689851,0.589605787291044,-0.7056503290095424,-0.893827433177541,0.9667165971437067,0.24332769965846296,-0.4632845145581366,1
0.7301820088609036,0.7056503290095426,-0.9370897825215988,0.933341167454006,-0.8650111596071849,-0.43633672334719903,0.911394385629922,0.45892089250990353,-0.7056503290095424,-0.893827433177541,0.9667165971437067,0.24332769965846296,1.122323049352105,1
-1.2486383794647424,-1.411300658019085,-0.9370897825215988,0.033333613123356726,1.9010119381583666,2.282376706739195,-0.9654601542689851,-0.630119897332933,1.411300658019085,1.7420957010717608,-0.6993269000614051,-0.7421494839583122,1.122323049352105,1
1.3897888049694522,0.7056503290095426,-0.9370897825215988,-0.6416720526246302,-0.1835272079837882,-0.43633672334719903,0.911394385629922,-3.4616259509243084,-0.7056503290095424,-0.015186388427773746,-0.6993269000614051,-0.7421494839583122,-0.4632845145581366,1
-0.2592281853019194,-1.411300658019085,1.000891640054984,0.25833550170601904,-1.0053166790590606,-0.43633672334719903,-0.9654601542689851,0.8074139452596113,-0.7056503290095424,-0.8059633287025644,-0.6993269000614051,-0.7421494839583122,-0.4632845145581366,0
0.18050967877044635,0.7056503290095426,0.03190092876669269,-0.07916733116797443,-0.5042255381595043,-0.43633672334719903,-0.9654601542689851,0.5460441556973304,-0.7056503290095424,-0.893827433177541,0.9667165971437067,-0.7421494839583122,1.122323049352105,0
-0.14929371928382795,-1.411300658019085,1.000891640054984,-0.1916682754593056,-0.6044437663394155,-0.43633672334719903,-0.9654601542689851,-1.5449141608009158,-0.7056503290095424,-0.893827433177541,0.9667165971437067,-0.7421494839583122,-3.6344996423786196,0
0.40037861080662923,0.7056503290095426,1.000891640054984,-1.4854291348096138,-0.1233962710758414,-0.43633672334719903,-0.9654601542689851,0.1539894713539093,1.411300658019085,-0.3666428063276807,-0.6993269000614051,-0.7421494839583122,1.122323049352105,0
-0.14929371928382795,0.7056503290095426,-0.9370897825215988,-0.47292063618763347,0.7184368456354133,-0.43633672334719903,0.911394385629922,-2.416146792675185,1.411300658019085,0.8634546563219936,-0.6993269000614051,1.228804883275238,1.122323049352105,1
-0.03935925326573652,0.7056503290095426,0.03190092876669269,3.4083619418632916,0.7384804912713956,-0.43633672334719903,-0.9654601542689851,1.9400163666961614,-0.7056503290095424,-0.893827433177541,0.9667165971437067,0.24332769965846296,1.122323049352105,1
-0.4790971173381023,0.7056503290095426,1.000891640054984,0.4833373902886814,-0.2637017905277172,-0.43633672334719903,0.911394385629922,0.5460441556973304,-0.7056503290095424,-0.3666428063276807,-0.6993269000614051,0.24332769965846296,1.122323049352105,1
0.7301820088609036,-1.411300658019085,-0.9370897825215988,-0.07916733116797443,1.6805318361625616,-0.43633672334719903,-0.9654601542689851,0.8074139452596113,-0.7056503290095424,-0.893827433177541,0.9667165971437067,-0.7421494839583122,-0.4632845145581366,1
0.7301820088609036,0.7056503290095426,1.9698823513432757,0.1458345574146879,-0.24365814489173496,-0.43633672334719903,0.911394385629922,-0.23806521298951186,-0.7056503290095424,1.390639283171854,-0.6993269000614051,1.228804883275238,-0.4632845145581366,1
-0.03935925326573652,0.7056503290095426,-0.9370897825215988,-1.204176774081286,-0.8048802226992381,-0.43633672334719903,-0.9654601542689851,-1.84984558195691,1.411300658019085,-0.893827433177541,-0.6993269000614051,0.24332769965846296,-0.4632845145581366,1
0.2904441447885378,0.7056503290095426,-0.9370897825215988,1.889599193930321,0.8587423650872892,2.282376706739195,-0.9654601542689851,-1.1528594764574946,-0.7056503290095424,-0.015186388427773746,-0.6993269000614051,2.214282066892013,1.122323049352105,1
-0.03935925326573652,0.7056503290095426,0.03190092876669269,-1.3166777183726173,1.2596152778069343,-0.43633672334719903,0.911394385629922,0.24111273454133622,-0.7056503290095424,-0.893827433177541,0.9667165971437067,-0.7421494839583122,1.122323049352105,0
-0.918834981410468,-1.411300658019085,-0.9370897825215988,0.3708364459973502,-0.06326533416789464,-0.43633672334719903,-0.9654601542689851,0.06686620816648237,1.411300658019085,-0.893827433177541,-0.6993269000614051,-0.7421494839583122,-0.4632845145581366,0
0.40037861080662923,-1.411300658019085,-0.9370897825215988,-1.7666814955379417,0.036952894012016645,-0.43633672334719903,-0.9654601542689851,-1.2399827396449215,-0.7056503290095424,-0.015186388427773746,-0.6993269000614051,-0.7421494839583122,-0.4632845145581366,0
1.4997232709875437,0.7056503290095426,1.000891640054984,-0.7541729969159614,0.6182186174555021,-0.43633672334719903,0.911394385629922,0.023304576572768906,-0.7056503290095424,-0.015186388427773746,0.9667165971437067,0.24332769965846296,1.122323049352105,0
-1.6883762435371081,-1.411300658019085,1.000891640054984,-2.1041843284119355,-0.945185742151114,-0.43633672334719903,0.911394385629922,1.2430302611967459,-0.7056503290095424,-0.893827433177541,0.9667165971437067,-0.7421494839583122,-0.4632845145581366,0
1.4997232709875437,0.7056503290095426,-0.9370897825215988,0.7083392788713436,-1.0654476159670074,2.282376706739195,0.911394385629922,-0.4123117393643657,-0.7056503290095424,2.0935521189716675,-0.6993269000614051,1.228804883275238,1.122323049352105,1
0.18050967877044635,-1.411300658019085,-0.9370897825215988,0.1458345574146879,3.2639798414051597,-0.43633672334719903,-0.9654601542689851,-0.020257055020944558,1.411300658019085,0.7755905518470168,-0.6993269000614051,1.228804883275238,1.122323049352105,1
0.5103130768247207,0.7056503290095426,1.9698823513432757,0.1458345574146879,-0.8449675139712026,-0.43633672334719903,0.911394385629922,0.502482524103617,-0.7056503290095424,-0.19091459737772717,0.9667165971437067,1.228804883275238,-0.4632845145581366,1
1.2798543389513608,0.7056503290095426,-0.9370897825215988,-1.091675829789955,-0.6846183488833446,-0.43633672334719903,-0.9654601542689851,-0.8043664237077869,1.411300658019085,-0.8059633287025644,0.9667165971437067,0.24332769965846296,-0.4632845145581366,1
0.6202475428428121,0.7056503290095426,-0.9370897825215988,0.4833373902886814,0.9389169476312181,-0.43633672334719903,-0.9654601542689851,0.8509755768533247,-0.7056503290095424,0.16054182052217966,-0.6993269000614051,1.228804883275238,1.122323049352105,1
0.40037861080662923,-1.411300658019085,1.9698823513432757,1.0458421117453371,0.7384804912713956,2.282376706739195,-0.9654601542689851,0.502482524103617,-0.7056503290095424,-0.015186388427773746,0.9667165971437067,-0.7421494839583122,-0.4632845145581366,0
0.9500509408970864,0.7056503290095426,1.9698823513432757,0.7645897510170092,-0.2637017905277172,2.282376706739195,-0.9654601542689851,-0.020257055020944558,-0.7056503290095424,1.1270469697469236,-2.365370397266517,-0.7421494839583122,-2.048892078468378,0
0.9500509408970864,-1.411300658019085,-0.9370897825215988,-1.3166777183726173,0.45786945236764404,-0.43633672334719903,0.911394385629922,0.8074139452596113,1.411300658019085,0.6877264473720401,-0.6993269000614051,1.228804883275238,-0.4632845145581366,1
0.840116474878995,-1.411300658019085,-0.9370897825215988,0.4833373902886814,0.43782580673166177,-0.43633672334719903,-0.9654601542689851,0.4153592609161901,-0.7056503290095424,2.269280327921621,-2.365370397266517,1.228804883275238,-0.4632845145581366,1
-1.3585728454828339,-1.411300658019085,-0.9370897825215988,-1.6541805512466106,0.37769486982371503,-0.43633672334719903,-0.9654601542689851,-1.2399827396449215,-0.7056503290095424,-0.3666428063276807,-0.6993269000614051,-0.7421494839583122,-0.4632845145581366,0
-0.6989660493742852,0.7056503290095426,1.000891640054984,-0.4166701640419679,0.17725841346389243,2.282376706739195,0.911394385629922,1.068783734821892,-0.7056503290095424,-0.893827433177541,0.9667165971437067,1.228804883275238,-0.4632845145581366,0
-1.7983107095551996,0.7056503290095426,1.9698823513432757,-0.6416720526246302,-0.3037890817996817,-0.43633672334719903,0.911394385629922,1.3737151559778862,1.411300658019085,2.4450085368715744,-0.6993269000614051,-0.7421494839583122,1.122323049352105,1
-0.2592281853019194,0.7056503290095426,1.000891640054984,0.3708364459973502,-0.46413824688753974,-0.43633672334719903,0.911394385629922,0.8074139452596113,-0.7056503290095424,-0.893827433177541,0.9667165971437067,3.199759250508788,-0.4632845145581366,0
0.07057521275235493,0.7056503290095426,-0.9370897825215988,0.033333613123356726,2.1415356857901537,-0.43633672334719903,0.911394385629922,-0.8043664237077869,1.411300658019085,0.16054182052217966,-0.6993269000614051,0.24332769965846296,1.122323049352105,1
-1.0287694474285596,-1.411300658019085,-0.9370897825215988,0.3708364459973502,-0.20357085361977043,-0.43633672334719903,-0.9654601542689851,0.06686620816648237,1.411300658019085,-0.7180992242275877,-0.6993269000614051,-0.7421494839583122,-0.4632845145581366,0
0.6202475428428121,-1.411300658019085,1.000891640054984,-0.6416720526246302,-1.3661023005067412,2.282376706739195,0.911394385629922,-2.3725851610814717,-0.7056503290095424,-0.893827433177541,0.9667165971437067,-0.7421494839583122,-0.4632845145581366,0
0.840116474878995,0.7056503290095426,1.000891640054984,-0.07916733116797443,-0.3037890817996817,-0.43633672334719903,0.911394385629922,-0.1945035813957984,-0.7056503290095424,0.6877264473720401,-0.6993269000614051,2.214282066892013,1.122323049352105,0
-1.138703913446651,0.7056503290095426,1.000891640054984,-0.6416720526246302,-0.404007309979593,-0.43633672334719903,0.911394385629922,0.8074139452596113,-0.7056503290095424,-0.893827433177541,0.9667165971437067,-0.7421494839583122,-0.4632845145581366,0
0.840116474878995,0.7056503290095426,0.03190092876669269,-0.6416720526246302,0.6983931999994311,-0.43633672334719903,-0.9654601542689851,-2.0676537399254773,-0.7056503290095424,0.3362700294721331,-0.6993269000614051,0.24332769965846296,1.122323049352105,1
-0.918834981410468,-1.411300658019085,1.000891640054984,0.5958383345800126,-1.3861459461427235,-0.43633672334719903,-0.9654601542689851,0.4153592609161901,1.411300658019085,0.3362700294721331,-2.365370397266517,-0.7421494839583122,-0.4632845145581366,0
1.1699198729332694,0.7056503290095426,1.9698823513432757,0.3708364459973502,0.7184368456354133,2.282376706739195,-0.9654601542689851,1.0252221032281785,-0.7056503290095424,0.3362700294721331,-0.6993269000614051,0.24332769965846296,-0.4632845145581366,1
0.7301820088609036,-1.411300658019085,-0.9370897825215988,0.7645897510170092,1.2195279865349697,-0.43633672334719903,-0.9654601542689851,-0.1945035813957984,1.411300658019085,-0.015186388427773746,-0.6993269000614051,-0.7421494839583122,1.122323049352105,1
-1.4685073115009253,0.7056503290095426,1.000891640054984,-0.07916733116797443,-0.6445310576113801,-0.43633672334719903,-0.9654601542689851,0.7638523136658978,-0.7056503290095424,0.8634546563219936,-0.6993269000614051,-0.7421494839583122,-0.4632845145581366,0
-0.5890315833561938,0.7056503290095426,1.000891640054984,-0.7541729969159614,-1.9473680239502267,-0.43633672334719903,-0.9654601542689851,-1.0657362132700676,-0.7056503290095424,-0.19091459737772717,0.9667165971437067,2.214282066892013,-0.4632845145581366,1
-2.128114107609474,-1.411300658019085,-0.9370897825215988,0.3708364459973502,-1.26588407232683,-0.43633672334719903,0.911394385629922,1.3737151559778862,-0.7056503290095424,0.3362700294721331,0.9667165971437067,-0.7421494839583122,-0.4632845145581366,0
0.9500509408970864,0.7056503290095426,-0.9370897825215988,-0.07916733116797443,0.1572147678279102,-0.43633672334719903,-0.9654601542689851,-0.15094194980208495,-0.7056503290095424,0.3362700294721331,-0.6993269000614051,0.24332769965846296,1.122323049352105,1
1.3897888049694522,-1.411300658019085,1.000891640054984,1.1583430560366683,0.6182186174555021,-0.43633672334719903,0.911394385629922,0.9380988400407516,-0.7056503290095424,-0.893827433177541,0.9667165971437067,0.24332769965846296,-0.4632845145581366,0
-2.2380485736275655,0.7056503290095426,1.9698823513432757,-0.7541729969159614,-1.2859277179628124,-0.43633672334719903,-0.9654601542689851,1.0252221032281785,-0.7056503290095424,-0.893827433177541,0.9667165971437067,-0.7421494839583122,-0.4632845145581366,0
0.6202475428428121,-1.411300658019085,1.000891640054984,-1.6541805512466106,1.4400080885307747,-0.43633672334719903,0.911394385629922,0.4153592609161901,-0.7056503290095424,-0.893827433177541,0.9667165971437067,0.24332769965846296,-0.4632845145581366,0
1.059985406915178,0.7056503290095426,1.9698823513432757,-1.204176774081286,-0.7046619945193269,-0.43633672334719903,-0.9654601542689851,-0.28162684458322534,1.411300658019085,0.6877264473720401,-0.6993269000614051,-0.7421494839583122,-0.4632845145581366,0
0.40037861080662923,0.7056503290095426,0.03190092876669269,-0.6416720526246302,0.7585241369073779,-0.43633672334719903,-0.9654601542689851,0.4153592609161901,-0.7056503290095424,0.6877264473720401,-0.6993269000614051,-0.7421494839583122,-0.4632845145581366,1
0.9500509408970864,-1.411300658019085,1.000891640054984,0.20208502956035346,0.11712747655594567,-0.43633672334719903,-0.9654601542689851,0.9380988400407516,-0.7056503290095424,-0.893827433177541,0.9667165971437067,-0.7421494839583122,-0.4632845145581366,0
